"most up to date version: https://applesilicongames.com","","got a M1 Mac? help improve this sheet: ➡︎➡︎➡︎","","","https://forms.gle/29GWt85i1G1L7Ttj8","join our discord:","https://discord.gg/JjchAfsYAX","please like & share this tweet:","https://twitter.com/__tosh/status/1329099180476928002?s=20","","","","","","","","","","","","","","","","","","","","",""
"Games","Playable","Distribution","Environment","API","Resolution","Monitor","FPS","Settings","Specs","Notes","Source","","","","","","","","","","","","","","","","","","",""
"Among Us","yes","iOS","Native","Metal","1080p","?","?","Default","MacBook Pro 13"" M1 8GB","","reddit","","","","","","","","","","","","","","","","","","",""
"Among Us","yes","iOS","Native","Metal","","?","?","Default","MacBook Air M1 8GB","keyboard input (WASD to move, Q: Kill, R: Report, E or space: Use, Tab: Map, Esc: Quit a task) is not supported but works via AmongKey workaround (see source)","source
youtube","","","","","","","","","","","","","","","","","","",""
"Call of Duty Mobile","yes","iOS sideload","Native","","windowed","","","","MacBook Air M1 8GB","Smooth only no fullscreen (stays small) Controller works","","","","","","","","","","","","","","","","","","","",""
"Clash Of Clans","yes","iOS (manual IPA)","Native","Metal","native","?","?","Default","MacBook Pro 13"" M1 8GB","Needs a manual IPA file to install, not on App Store","","","","","","","","","","","","","","","","","","","",""
"Dancing Line","yes","Mac App Store","Native","","","","","default","MacBook Pro 13"" M1 16GB","Good","","","","","","","","","","","","","","","","","","","",""
"Divinity Original sin 1","no","Steam","don't know","","","","","","MacBook Air M1 8GB","","","","","","","","","","","","","","","","","","","","",""
"endless space 2","yes","Steam","Native","","2560 × 1600","","40-54 FPS","highest resolution option good/simple","MacBook Pro 13"" M1 8GB","40-54 fps average with dips to mid 30's laptop got a little warm but never throttled from what i could tell. Ship battles were hit or miss depending on how many projectiles and ships.","","","","","","","","","","","","","","","","","","","",""
"Genshin Impact","no","","iOS sideload","Metal","","","60 FPS","Default Settings","MacBook Air M1 8GB","The menu loads but the game crashes once you click through the door (presumably when some form of jailbreak/cheat detection is initialized). Title screen runs at 60 FPS - unable to test further.","","","","","","","","","","","","","","","","","","","",""
"Grand Theft Auto: San Andreas","yes","Mac App Store","Native","","","","","default settings","","Smooth, stable 60fps from what I've tried, Can't resize the window","","","","","","","","","","","","","","","","","","","",""
"Grid AutoSport","yes","iOS IPA sideloaded","Native (e.g. default for Universal Binary)","","Window mode only","","","","MacBook Air M1 8GB","No dips, great performance, Games works fine with xbox controller connected","","","","","","","","","","","","","","","","","","","",""
"GTA San Andreas","yes","iOS (App Store)","Native","","Windowed","","","","MacBook Air M1 8GB","Perfect, Cannot change window size. Bluetooth controller works.","twitter","","","","","","","","","","","","","","","","","","",""
"GTA Vice City","yes","iOS (App Store)","Native","","Windowed","","","","MacBook Air M1 8GB","Perfect, Cannot change window size. Bluetooth controller works.","twitter","","","","","","","","","","","","","","","","","","",""
"Jackbox Party Pack 3","yes","Mac App Store","don't know","","","","","Game has no graphics settings other than resolution. Both windowed and fullscreen work as intended.","MacBook Pro 13"" M1 8GB","Game does not rely on performance to be fun - but there are no performance issues, Game has minor hitching, also observed on Intel Mac. Possibly an issue with the game itself.","reddit","","","","","","","","","","","","","","","","","","",""
"Legends of Runeterra","yes","iOS","Native","Metal","?","?","60 FPS","Highest Quality Preset","MacBook Air M1 16GB","SIDELOADED","reddit","","","","","","","","","","","","","","","","","","",""
"Marvel Strike Force","yes","iOS","iOS sideload","","","","","","","runs, in-app purchases not working","","","","","","","","","","","","","","","","","","","",""
"Monument Valley","yes","iOS","Native","Metal","1080p","?","60 FPS","Default","MacBook Pro 13"" M1 8GB","","reddit","","","","","","","","","","","","","","","","","","",""
"Rocket League","yes","Steam","don't know","","2560 × 1440","yes","30-40 FPS (60 FPS on low)","Default -> High, everything enabled except V-Sync and Anti-Aliasing","Mac mini M1 16GB","From default ""high"" to ""maxed out"": it keeps being 30-40fps but feels a bit rough in gameplay. Disabling all effects makes solid 60fps on the same resolution.","","","","","","","","","","","","","","","","","","","",""
"Second Life","yes","direct download","Rosetta 2","","1440 × 900","","25-60 FPS","default","MacBook Pro 13"" M1 8GB","","","","","","","","","","","","","","","","","","","","",""
"SecondLife viewer","yes","","Rosetta 2","","","","","","","https://secondlife.com/support/downloads/","twitter","","","","","","","","","","","","","","","","","","",""
"Sekiro","? let us know","","","","","","","","","","","","","","","","","","","","","","","","","","","","",""
"Serios Sam 3","yes","Steam","Rosetta 2","","1440 × 900","","120 FPS","ultra settings","MacBook Air M1 8GB","120 FPS, too fast for my brain","","","","","","","","","","","","","","","","","","","",""
"Shadow of the Tomb Raider","yes","","Rosetta 2","","2560 × 1600","?","13 FPS","Highest Quality Preset","MacBook Air M1 16GB","","source","","","","","","","","","","","","","","","","","","",""
"Shadow of the Tomb Raider","yes","","Rosetta 2","","1920 × 1200","?","20 FPS","Highest Quality Preset","MacBook Air M1 16GB","","source","","","","","","","","","","","","","","","","","","",""
"Shadow of the Tomb Raider","yes","","Rosetta 2","","2560 × 1600","?","25 FPS","Lowest Quality Preset","MacBook Air M1 16GB","","source","","","","","","","","","","","","","","","","","","",""
"Shadow of the Tomb Raider","yes","","Rosetta 2","Metal","1080p","?","25 FPS (30 Medium)","Highest Quality Preset","MacBook Pro 13"" M1 8GB","","reddit
youtube","","","","","","","","","","","","","","","","","","",""
"Shadow of the Tomb Raider","yes","","Rosetta 2","","1920 × 1200","?","38 FPS","Lowest Quality Preset","MacBook Air M1 16GB","","source","","","","","","","","","","","","","","","","","","",""
"Shadow of the Tomb Raider","yes","","","","2560 × 1440","yes","30 FPS","resolution modifier 50%, vsync on half-refresh","MacBook Air M1 8GB","stable 30 FPS, no noticeable thermal throttling","youtube","","","","","","","","","","","","","","","","","","",""
"ShellShock Live","yes","","Rosetta 2","","1440p","?","55-60 FPS","Highest Quality Preset","MacBook Pro 13"" M1 8GB","","","","","","","","","","","","","","","","","","","","",""
"SimCity","no","EA Origin","Rosetta 2","","","yes","","","","Installs through Origin, then continues to ask to be installed. Never finalises.","","","","","","","","","","","","","","","","","","","",""
"SimCity 4 Deluxe Edition","yes","App Store","Rosetta 2","","","","","","","","reddit","","","","","","","","","","","","","","","","","","",""
"Skullgirls","yes","Steam","Rosetta 2","","default","","","Standard","MacBook Air M1 8GB","Seems smooth and responsive; game doesn't get hot, Steam warns you about installing the game (since Mac stopped supporting 32 bit), but if you persist it will eventually let you install it and it runs fine","","","","","","","","","","","","","","","","","","","",""
"Sky: Children of the Light","yes","iOS","","","","yes","","","MacBook Pro 13"" M1 8GB","windowed","youtube","","","","","","","","","","","","","","","","","","",""
"Skyforge","? let us know","","","","","","","","","","","","","","","","","","","","","","","","","","","","",""
"Slay the Spire","yes","Steam","Rosetta 2","","1440 × 900","","good","Default","MacBook Air M1 8GB","","","","","","","","","","","","","","","","","","","","",""
"Slay the Spire","yes","Steam","Rosetta 2","","1440 x 900","","up to 240 FPS","Resolution 1440 x 900 (Won't let me choose any higher) Max framerate: 240 V-Sync: On","MacBook Air M1 8GB","Achieves well over 60 fps, loads incredibly quick and plays like butter.. except the Mac doesn't get warm to melt it..","reddit","","","","","","","","","","","","","","","","","","",""
"SOMA","yes","Steam","Rosetta 2","","1440 × 900","","55-60 FPS","Default","MacBook Air M1 8GB","55-60 FPS","reddit","","","","","","","","","","","","","","","","","","",""
"SOMA","yes","Steam","Rosetta 2","","2560 × 1600","","35 FPS","Default","MacBook Air M1 8GB","Around 35 FPS","reddit","","","","","","","","","","","","","","","","","","",""
"Soma","? let us know","","","","","","","","","","","","","","","","","","","","","","","","","","","","",""
"Soul Knight","yes","","Rosetta 2","Metal","1080p","?","?","Default","MacBook Pro 13"" M1 8GB","","reddit","","","","","","","","","","","","","","","","","","",""
"South Park Phone Destroyer","? let us know","iOS","","","","","","","","","","","","","","","","","","","","","","","","","","","",""
"Star Trek Online","yes","Steam","CrossOver","","1920 × 1080","yes","","Highest","MacBook Air M1 8GB","Very smooth","youtube","","","","","","","","","","","","","","","","","","",""
"Star Wars: Knights of the Old Republic","yes","Steam","Rosetta 2","1024 x 768","","","Up to 250 FPS","Highest settings","MacBook Air M1 8GB","Up to 250 FPS","","","","","","","","","","","","","","","","","","","",""
"Star Wars: Knights Of The Old Republic 2","yes","","","","","yes","","","MacBook Pro 13"" M1 8GB","","youtube","","","","","","","","","","","","","","","","","","",""
"STAR WARS: TIE Fighter Special Edition","yes","Steam","CrossOver","","","","","","MacBook Pro M1 13"" 16GB","start up and are playable, but I haven't done any long term game play","","","","","","","","","","","","","","","","","","","",""
"Starbound","yes","Steam","Rosetta 2","","1920 × 1200","","","high","MacBook Pro 13"" M1 8GB","flawless","","","","","","","","","","","","","","","","","","","",""
"StarCraft II","yes","Blizzard","Rosetta 2","Metal","?","?","60-110 FPS","Low (for competitive play)","Mac mini M1 8GB","","reddit","","","","","","","","","","","","","","","","","","",""
"StarCraft II","yes","","Metal","","","yes","60 FPS","medium","MacBook Pro 13"" M1 8GB","","youtube","","","","","","","","","","","","","","","","","","",""
"StarCraft II","yes","","Metal","","","yes","20 FPS","high","MacBook Pro 13"" M1 8GB","","youtube","","","","","","","","","","","","","","","","","","",""
"StarCraft Remastered","no","Blizzard","Rosetta 2","","","?","","","","crashes, see Source (screenshot of error):","twitter","","","","","","","","","","","","","","","","","","",""
"Stardew Valley","yes","iOS","Native","Metal","1080p","?","?","Default","MacBook Pro 13"" M1 8GB","","reddit","","","","","","","","","","","","","","","","","","",""
"Stardew Valley","yes","Steam","Rosetta 2","OpenGL","1080p","?","60 FPS","Default","MacBook Pro 13"" M1 8GB","","reddit","","","","","","","","","","","","","","","","","","",""
"Starship Titanic","yes","Steam","","","640 × 480","","","default settings","Mac mini M1 8GB","ScummVM game that runs very smooth","","","","","","","","","","","","","","","","","","","",""
"Stellaris","yes","","","","2560 × 1600","?","30-35 FPS","","MacBook Air M1 8GB","","reddit","","","","","","","","","","","","","","","","","","",""
"Stellaris","yes","GOG","","","1920 × 1080","","45-60 FPS","high","MacBook Air M1 8GB (8 GPU)","it runs very well at 1920x1080 on MacBook Air 2020 512GB with 8 GPU cores using the GOG version of the game","youtube
twitter","","","","","","","","","","","","","","","","","","",""
"Stick Fight: The Game","no","Steam","Rosetta 2","","","?","","","MacBook Pro 13"" M1 8GB","infinite load on main screen","","","","","","","","","","","","","","","","","","","",""
"Street Fighter IV","? let us know","Steam","CrossOver","","","","","","","","","","","","","","","","","","","","","","","","","","",""
"Street Fighter V","? let us know","Steam","CrossOver","","","","","","","","","","","","","","","","","","","","","","","","","","",""
"Subnautica","? let us know","Steam","","","","","","","","","","","","","","","","","","","","","","","","","","","",""
"Subnautica","yes","Steam","Rosetta 2","","1440 × 900","","20-30 FPS","Medium default","MacBook Air M1 8GB","20-30 FPS. No glitches or stuttering seen.","","","","","","","","","","","","","","","","","","","",""
"Subway Surf","yes","Mac App Store","iOS","","windowed","","","default settings","","Smoothly run, Only playable using trackpad or mouse, a touch is a click, a finger swipe is a click and swipe","","","","","","","","","","","","","","","","","","","",""
"Super Hexagon","no","Steam","Rosetta 2","","","yes","","","Mac mini M1 16GB","","","","","","","","","","","","","","","","","","","","",""
"Super Hexagon","? let us know","Steam","","","","","","","","","","","","","","","","","","","","","","","","","","","",""
"Superhot","yes","Steam","Rosetta 2","","","","","","","Worked perfectly!","reddit","","","","","","","","","","","","","","","","","","",""
"Superliminal","yes","","","","","yes","","","MacBook Pro 13"" M1 8GB","","youtube","","","","","","","","","","","","","","","","","","",""
"Tabletop Simulator","yes","Steam","Rosetta 2","","2560 × 1600","","","default settings playing Gloomhaven mod","MacBook Air M1 16GB","Very playable","","","","","","","","","","","","","","","","","","","",""
"Talisman: Digital Edition","yes","Steam","Rosetta 2","2560 × 1600","","","60 FPS","Fullscreen, GFX high","MacBook Air M1 8GB","Around 60 FPS, no glitches seen","","","","","","","","","","","","","","","","","","","",""
"Tank Mechanic Simulator","yes","Steam","Rosetta 2","","1920 × 1080","yes","40 FPS","Default settings","Mac mini M1 16GB","Runs fine @ low 40 fps","","","","","","","","","","","","","","","","","","","",""
"Team Fortress 2","yes","","CrossOver","","","?","","","MacBook Air M1 8GB","runs via CrossOver (Intel X86 code being run by Wine through Rosetta 2) but a bit laggy","source","","","","","","","","","","","","","","","","","","",""
"Terraria","yes","Steam","CrossOver","","1440 × 900","no","13-60 FPS","","MacBook Pro 13"" M1 16GB","Smoother than 2048x1280 outside constructions, but still limited when a lot of effects are on screen (FPS min: 13, max: 60) ""The GPU is the limiting factor in this game. The game is crashing on quit","","","","","","","","","","","","","","","","","","","",""
"Terraria","yes","Steam","CrossOver","","2048x1280","no","13-60 FPS","","MacBook Pro 13"" M1 16GB","Smooth outside big construction, but some lag spikes on end game caverns (FPS min: 13, max: 60) ""The GPU is the limiting factor in this game. The game is crashing on quit","","","","","","","","","","","","","","","","","","","",""
"Terraria","yes","Steam","CrossOver","","2560 × 1600","no","13-47 FPS","","MacBook Pro 13"" M1 16GB","Nevers reach 60FPS (FPS min: 13, max: 47) ""The GPU is the limiting factor in this game. The game is crashing on quit","","","","","","","","","","","","","","","","","","","",""
"Terraria","yes","Steam","CrossOver","","2560 × 1600","no","60 FPS","","MacBook Pro 13"" M1 16GB","","","","","","","","","","","","","","","","","","","","",""
"The Banner Saga","yes","Steam","Rosetta 2","","2560 × 1600","","","Full screen, default","MacBook Air M1 8GB","No FPS count available but very smooth, no glitches seen","","","","","","","","","","","","","","","","","","","",""
"The Binding of Isaac - Afterbirth+","yes","Steam","Rosetta 2","","3840 × 2160","yes","","Full Screen + Windowed","Mac mini M1 8GB","Super Smooth","","","","","","","","","","","","","","","","","","","",""
"The Binding of Isaac Afterbirth+","yes","Steam","don't know","","2560 × 1600","","","filter on","MacBook Pro 13"" M1 8GB","Smooth gameplay, no lags, usual loading screen time. Sometimes (thrice in a total 30 hour playing period) crashes out of the blue (might be due the number of mods tested), or sends report of crashing after normally closing the game. This does not interfere with the gameplay at all.","","","","","","","","","","","","","","","","","","","",""
"The Binding of Isaac: Afterbirth+","? let us know","Steam","","","","","","","","","","","","","","","","","","","","","","","","","","","",""
"The Binding of Isass Rebirth","yes","Steam","Rosetta 2","","","","","","MacBook Air M1 8GB","Filters and etc. all work, Very smooth no stutters","","","","","","","","","","","","","","","","","","","",""
"The Elder Scrolls Online","yes","Steam","Rosetta 2","","1440 × 900","","60 FPS","medium","MacBook Air M1 16GB","","","","","","","","","","","","","","","","","","","","",""
"The Elder Scrolls Online","yes","Steam","Rosetta 2","","1440 × 900","","30 FPS","high","MacBook Air M1 16GB","","","","","","","","","","","","","","","","","","","","",""
"The Elder Scrolls V: Skyrim","yes","Steam","Crossover","","1440 × 900","","","everything on lowest","MacBook Air M1 8GB","performance is very bad in the non-special edition. feels like 15 fps, there is no sound at all","","","","","","","","","","","","","","","","","","","",""
"The Evil Within 2","? let us know","","","","","","","","","","","","","","","","","","","","","","","","","","","","",""
"The Flame in the Flood","yes","Steam","Rosetta 2","","1280 x 800","","","Epic","MacBook Air M1 8GB","Very smooth, no FPS count available","reddit","","","","","","","","","","","","","","","","","","",""
"The Legend of Pirates Online","yes","The game is downloaded through the official launcher available on the game's website, www.tlopo.com.","Rosetta 2","","1440 × 900","yes","","Everything max settings the game runs at 60-150FPS, if you turn on lowest settings the game could see upwards of 180FPS. Most environments are 100+FPS.","Mac mini M1 8GB","I was running using Rosetta 2. FPS is solid and load times are good. It performs significantly better than previous macs, and the thermals are fantastic! This game used to burn up my intel mac laptop, on M1 it's cool. FPS would tank on Intel macs after the boost on the CPU ended. Now it's consistently over 100. Additionally, this game would usually make my intel 2018 MBP throttle to a flat 800MHz. FPS in game would be 15FPS during those episodes of intel throwing a fit. Exponential improvement. Words cannot describe how big this is. There is a respectably high FPS in crowds, which is notoriously this game's weak point.","","","","","","","","","","","","","","","","","","","",""
"The Long Dark","yes","Steam","Rosetta 2","","3008 × 1254","?","46 - 76 FPS","","Mac mini M1 8GB","silent","reddit","","","","","","","","","","","","","","","","","","",""
"The Pathless","yes","","Rosetta 2","Metal","1080p","?","Low FPS (40-60 FPS High)","Highest Quality Preset","MacBook Pro 13"" M1 8GB","","reddit","","","","","","","","","","","","","","","","","","",""
"The Sims 2 Super Collection","yes","Mac App Store","Rosetta 2","","1440 × 900","","","Default settings","MacBook Air M1 8GB","launches fine, you can pick a neighborhood fine, and it runs very smooth, but loading some families crashes, which is a common bug in the game even on PCs. Loading the ""Curious"" family household in Strangetown causes crash. Other households seems fine.","twitter","","","","","","","","","","","","","","","","","","",""
"The Sims 3","yes","Origin","Rosetta 2","Metal","","","","","MacBook Air M1 8GB","runs well","reddit","","","","","","","","","","","","","","","","","","",""
"The Sims 4","yes","Origin","Rosetta 2","Metal","1080p","?","","Highest Quality Preset","MacBook Pro 13"" M1 8GB","","reddit","","","","","","","","","","","","","","","","","","",""
"The Sims 4","yes","Origin","Rosetta 2","Metal","?","?","","?","MacBook Air M1 8GB","turn on vsync, runs like butter","twitter","","","","","","","","","","","","","","","","","","",""
"The Sims 4","yes","Origin","Rosetta 2","Metal","2560 × 1600","","50-60 FPS","High (no aliasing, uncompressed textures on, laptop mode off)","MacBook Air M1 8GB","Keeps to 60fps most of the time, even in community lots with several sims and larger residential lots. Some dips while on ultra-speed.","","","","","","","","","","","","","","","","","","","",""
"The Witcher: Enhanced Edition Director's Cut","yes","Steam","Crossover","","1440 × 900","","","","MacBook Air M1 8GB","low frame rate extreme graphical bugs","","","","","","","","","","","","","","","","","","","",""
"The Witcher: Enhanced Edition Director's Cut","no","Steam","Rosetta 2","","","","","","MacBook Air M1 8GB","Did not boot (32 bit)","","","","","","","","","","","","","","","","","","","",""
"The Witness","yes","iOS","","","","yes","","","MacBook Pro 13"" M1 8GB","windowed","youtube","","","","","","","","","","","","","","","","","","",""
"This War of Mine","no","","Rosetta 2","","","?","","","Mac mini M1 8GB","crashes","reddit","","","","","","","","","","","","","","","","","","",""
"Titanfall 2","? let us know","","CrossOver","","","","","","","","","","","","","","","","","","","","","","","","","","",""
"Tomb Raider","yes","","Rosetta 2","","1920 x 1080","yes","45-55 FPS","High","Mac mini M1 8GB","Smooth but probably not quite 60fps on high quality settings. Maybe 45 - 55?","","","","","","","","","","","","","","","","","","","",""
"Torment: Tides of Numenera","yes","Steam","Rosetta 2","2560 × 1600","","","35-40 FPS","High settings","MacBook Air M1 8GB","35-40 FPS","","","","","","","","","","","","","","","","","","","",""
"Total War: MEDIEVAL II - Definitive Edition","yes","Steam","Rosetta 2","","1440 × 900","","60 FPS","Default","MacBook Air M1 8GB","90 FPS (map), around 60 FPS (battle)","reddit","","","","","","","","","","","","","","","","","","",""
"Total War: ROME II - Emperor Edition","yes","Steam","CrossOver","","","","25-30 FPS","default","","I’ve just tried Rome with CrossOver and it does work for me. On default resolution, even with lowest quality possible, I’m not seeing any FPS higher than 25-30 even under the prologue. I’d say stick with the the older Total War titles.","reddit","","","","","","","","","","","","","","","","","","",""
"Total War: Shogun 2","yes","Steam","Rosetta 2","","1920 × 1200","","","Very High preset","MacBook Air M1 16GB","cut-scenes and early battle is 90-120 fps, after a few minutes and with all troops engaged, zooming in and out and around about 55 fps with dips never under 25 fps.","","","","","","","","","","","","","","","","","","","",""
"Total War: Three Kingdoms","yes","","Rosetta 2","","2560x1080","yes","~25-30 FPS in battle benchmark, 60 FPS in campaign map","","Mac mini M1 8GB","","twitter","","","","","","","","","","","","","","","","","","",""
"Total War: Warhammer II","yes","","","","","yes","27 FPS","high","MacBook Pro 13"" M1 8GB","","youtube","","","","","","","","","","","","","","","","","","",""
"Total War: Warhammer II","yes","","","","","yes","36 FPS","medium","MacBook Pro 13"" M1 8GB","","youtube","","","","","","","","","","","","","","","","","","",""
"Total War: Warhammer II","yes","","","","","yes","48 FPS","low","MacBook Pro 13"" M1 8GB","","youtube","","","","","","","","","","","","","","","","","","",""
"Total Warhammer 2","yes","","","","2560 × 1600","?","","","MacBook Pro 13"" M1 ?GB","silent, runs smoothly","reddit","","","","","","","","","","","","","","","","","","",""
"Townscaper","yes","Steam","don't know","","5120 × 2880","yes","60-90 FPS","Default settings, Screenshot resolution is 5120 × 2880","Mac mini M1 16GB","Great, Quartz Debugger shows 60-90fps (Steam does not show the FPS overlay)","","","","","","","","","","","","","","","","","","","",""
"Transistor","yes","Steam","Rosetta 2","","1680 × 1050","","55-60 FPS","","MacBook Air M1 8GB","55-60 FPS, very smooth","twitter","","","","","","","","","","","","","","","","","","",""
"Transport Fever 2","? let us know","","","","","","","","","","","","","","","","","","","","","","","","","","","","",""
"Tropico 6","no","Steam","Rosetta 2","","1440 × 900","no","","","MacBook Air M1 16GB","Crashes when starting the game","","","","","","","","","","","","","","","","","","","",""
"Two Point Hospital","yes","Steam","Rosetta 2","","2560 × 1600","","","Default (Medium)","MacBook Air M1 16GB","Very playable and fast","","","","","","","","","","","","","","","","","","","",""
"Undertale","? let us know","Steam","","","","","","","","","","","","","","","","","","","","","","","","","","","",""
"Universe Sandbox","yes","Steam","Rosetta 2","","2880 x 1800","","60 FPS","High","MacBook Air M1 8GB","Up to 60 FPS","","","","","","","","","","","","","","","","","","","",""
"Unrailed","no","Steam","Rosetta 2","","2560 × 1600","","","Default","Mac mini M1 8GB","Game won't start.","","","","","","","","","","","","","","","","","","","",""
"Unreal Tournament 2004","? let us know","","CrossOver","","800 × 600","","40-80 FPS","low","MacBook Air M1 8GB (8 GPU)","Despite the framerate counter showing good speeds the actual experience had a lot of lag and stuttering. I tried to play online games but it was a slideshow, all I could record properly was the 1v1 singleplayer duel against the CPU bot. I wouldn't consider using CrossOver on the M1 playable, especially as online games were not feasible given the competitive framerates needed to make this game enjoyable.","youtube
twitter","","","","","","","","","","","","","","","","","","",""
"Untitled Goose Game","yes","itch.io ( https://househouse.itch.io/untitled-goose-game )","Rosetta 2","","3840 × 2160","yes","","Default","Mac mini M1 16GB","Butter smooth no issue at all","","","","","","","","","","","","","","","","","","","",""
"Untitled Goose Game","yes","Steam","CrossOver","","","","","","MacBook Pro 13"" M1 8GB","no controller support yet, runs great at full speed","source","","","","","","","","","","","","","","","","","","",""
"v4","yes","iOS","","","","","","","","","reddit","","","","","","","","","","","","","","","","","","",""
"Valorant","no","Riot Games Launcher","Rosetta 2","","2560 × 1600","","","","MacBook Air M1 8GB","Game is not Supported nor Downloadable","","","","","","","","","","","","","","","","","","","",""
"Valorant","? let us know","","CrossOver","","","","","","","","","","","","","","","","","","","","","","","","","","",""
"Victoria II","? let us know","","","","","","","","","","","","","","","","","","","","","","","","","","","","",""
"War Thunder","no","","Rosetta 2","","","","","","","When the daily award UI appear, war thunder freeze and not responding","source","","","","","","","","","","","","","","","","","","",""
"Warcraft III Reforged","yes","Blizzard","","","1080p","?","60 FPS","","Mac mini M1 8GB","Since no way to count fps in WC3R, this is just my feeling but 1080p medium setting felt like 60fps while 4k felt like 15fps","twitter","","","","","","","","","","","","","","","","","","",""
"Warcraft III Reforged","yes","Blizzard","","","4k","?","15 FPS","","Mac mini M1 8GB","Since no way to count fps in WC3R, this is just my feeling but 1080p medium setting felt like 60fps while 4k felt like 15fps","twitter","","","","","","","","","","","","","","","","","","",""
"Warframe","? let us know","","","","","","","","","","","","","","","","","","","","","","","","","","","","",""
"Warhammer 40,000: Dawn of War II","yes","Steam","Rosetta 2","","2560 × 1600","","","High settings","MacBook Air M1 8GB","Average about 50 FPS - minimum 25, max 100","reddit","","","","","","","","","","","","","","","","","","",""
"Wasteland 2: Director's Cut","yes","Steam","Rosetta 2","","1440 × 900","","40-50 FPS","Beautiful"" setting","MacBook Air M1 8GB","40-50 FPS, smooth","","","","","","","","","","","","","","","","","","","",""
"Who's Your Daddy","yes","Steam","Rosetta 2","","1440p","?","60 FPS","Medium (Default)","MacBook Pro 13"" M1 8GB","sometimes random black screens, rare though","","","","","","","","","","","","","","","","","","","",""
"Witcher 3","yes","Steam","CrossOver","","1440 × 900","","40-60 FPS","medium settings","MacBook Air M1 8GB","medium and low settings feel very playable (40-60 fps) with some hiccups, ""turning on Nvidia hairworks crashes the game. there are some graphic glitches on transparent surfaces (windows). to play the game use following steps: - install Big Sur 11.1 or better - install crossover - add steam (64-bit!!) through the crossover installer - download DXVK through the crossover installer - right click on the Bottle you created and check the DXVK setting - open steam and download the game - run it not using DXVK causes the error message """"Your GPU does not meet the minimum requirements."""" to appear","reddit","","","","","","","","","","","","","","","","","","",""
"Witcher 3","yes","Steam","CrossOver","","","","","default?","MacBook Pro 13"" M1 8GB","stable, playable, cutscenes play well but drops frames in default settings","youtube","","","","","","","","","","","","","","","","","","",""
"Wolfenstein II: The New Colossus","no","CrossOver","Rosetta 2","","","yes","","","Mac mini M1 16GB","Runs but crashes on level start.","","","","","","","","","","","","","","","","","","","",""
"World of Tanks Blitz","yes","App Store","Rosetta 2","","1440 × 900","no","60 FPS","Highest","MacBook Air M1 8GB","","","","","","","","","","","","","","","","","","","","",""
"World of Warcraft","yes","Blizzard","Native","","3440 × 1440","yes","80 FPS","3440 × 1440, quality level 5 + custom","MacBook Air M1 8GB","~80 FPS in Orgrimmar and outside, I recommend capping FPS below what you can get to prevent thermal throttling (like cap at 60 if you get 80), https://twitter.com/nadbmal/status/1332626714430730240","twitter","","","","","","","","","","","","","","","","","","",""
"World of Warcraft","yes","Blizzard","Native","Metal","1080p","?","45 FPS","Highest Quality Preset","MacBook Pro 13"" M1 8GB","","reddit","","","","","","","","","","","","","","","","","","",""
"World of Warcraft","yes","Blizzard","Native","Metal","1080p","?","60 FPS","Medium Quality Preset","MacBook Pro 13"" M1 8GB","","reddit","","","","","","","","","","","","","","","","","","",""
"World of Warcraft","yes","Blizzard","Native","Metal","3440 × 1440","?","30-50 FPS","","Mac mini M1 8GB","","reddit","","","","","","","","","","","","","","","","","","",""
"World of Warcraft","yes","Blizzard","Native","Metal","","","60 FPS","graphics on 7","MacBook Pro 13"" M1 8GB","","reddit","","","","","","","","","","","","","","","","","","",""
"World of Warcraft","yes","Blizzard","Native","Metal","","","60 FPS","graphics on 4","MacBook Air M1 8GB","The Fanless MBA would throttle at wow graphics 5 & above after maybe 15minutes and would stay Low (FPS from 60 to 20s) very jerky and unplayable. Stable 60 FPS if settings 4 or below.","reddit","","","","","","","","","","","","","","","","","","",""
"World of Warcraft","yes","Blizzard","Native","Metal","1600 × 900","yes","60 FPS","graphics on 7","MacBook Air M1 8GB","8 GPU MacBook Air, while playing a Youtube video on MacBook screen (!)","twitter","","","","","","","","","","","","","","","","","","",""
"World of Warcraft (Classic)","yes","Blizzard Battle.net App","Rosetta 2","","1920x1080","yes","60 FPS","Default Settings","Mac mini M1 16GB","AT full (3840 × 2160) resolution gets about 40fps Apparently Wow Classic hasn't been updated yet with universal binaries yet (latest patch version was released in July) but I didn't even notice it was running on rosetta until I actively looked and checked..","","","","","","","","","","","","","","","","","","","",""
"World of Warcraft 2.4.3 (Atlantiss private server)","no","","CrossOver","","1920 x 1080","yes","","","MacBook Air M1 8GB","Game window loads in CrossOver but then crashes on character creation","","","","","","","","","","","","","","","","","","","",""
"World of Warships","? let us know","","","","","","","","","","","","","","","","","","","","","","","","","","","","",""
"Wreckfest","yes","Steam","CrossOver","","2560 × 1440","yes","25 FPS","Max","Mac mini M1 8GB","25 FPS. This ran great on my old 2400G system so expected the M1 to do well, even through CrossOver. Not perfect, blurry at times which is strange. Definitely playable though. Would perform even better at lower resolutions I guess.","","","","","","","","","","","","","","","","","","","",""
"X-Plane 11","yes","","Rosetta 2","","","","40 FPS","Visual Effects: high Texture Quality: high Antialiasing: 2x SSAA+FXAA Anisotropic Filtering: 4x Number of world objects: medium Reflections: Minimal Resolution: Native","MacBook Air M1 8GB","was unplayable on Intel MacBook Air 2020","reddit","","","","","","","","","","","","","","","","","","",""
"X-Plane 11","yes","","Rosetta 2","","","","","default","Mac mini M1 8GB","This is my first machine that is able to run a flight simulator and I'm in tears of joy lol, Monitor is 75hz & 1080p, not sure what fps i was getting. Graphics settings were default. Also had about 5 other programs running at the time as well","reddit
youtube","","","","","","","","","","","","","","","","","","",""
"XCOM 2","yes","Steam","Rosetta 2","","1920 × 1080","","22-32 FPS","Low graphics settings","MacBook Air M1 8GB (8 GPU)","Loaded up an old save from the last level which Steam Cloud synced from my Windows PC from several years ago. The game is definitely playable and completable but the framerate isn't as smooth as it could be.","youtube
twitter","","","","","","","","","","","","","","","","","","",""
"XCOM 2","yes","Steam","Rosetta 2","","1440 × 900","yes","40 FPS","minimal settings, vsync, frame smoothing","MacBook Air M1 8GB","40 FPS, smooth gameplay, bottom of laptop very warm, If mouse isn't set to stay in window the pointer can disappear, when using steam overlay the pointer is misaligned","","","","","","","","","","","","","","","","","","","",""
"Ziggurat 2","yes","","","","","yes","","","MacBook Pro 13"" M1 8GB","","youtube","","","","","","","","","","","","","","","","","","",""